<?xml version="1.0" encoding="utf-8"?>
<unattend xmlns="urn:schemas-microsoft-com:unattend" xmlns:wcm="http://schemas.microsoft.com/WMIConfig/2002/State">
	<!--https://schneegans.de/windows/unattend-generator/?LanguageMode=Unattended&UILanguage=en-US&Locale=en-US&Keyboard=00000409&GeoLocation=244&ProcessorArchitecture=amd64&BypassRequirementsCheck=true&BypassNetworkCheck=true&HidePowerShellWindows=true&ComputerNameMode=Random&CompactOsMode=Default&TimeZoneMode=Implicit&PartitionMode=Interactive&DiskAssertionMode=Skip&WindowsEditionMode=Generic&WindowsEdition=pro&InstallFromMode=Automatic&UserAccountMode=Unattended&AccountName0=Admin&AccountDisplayName0=&AccountPassword0=1234&AccountGroup0=Administrators&AutoLogonMode=Own&ObscurePasswords=true&PasswordExpirationMode=Unlimited&LockoutMode=Default&HideFiles=Hidden&ShowFileExtensions=true&TaskbarSearch=Box&TaskbarIconsMode=Default&DisableWidgets=true&StartTilesMode=Default&StartPinsMode=Default&PreventDeviceEncryption=true&HideEdgeFre=true&DisableEdgeStartupBoost=true&DeleteWindowsOld=true&ProcessAudit=true&ProcessAuditCommandLine=true&EffectsMode=Default&DesktopIconsMode=Default&WifiMode=Skip&ExpressSettings=DisableAll&KeysMode=Skip&StickyKeysMode=Default&ColorMode=Default&WallpaperMode=Default&WdacMode=Skip-->
	<settings pass="offlineServicing"></settings>
	<settings pass="windowsPE">
		<component name="Microsoft-Windows-International-Core-WinPE" processorArchitecture="amd64" publicKeyToken="31bf3856ad364e35" language="neutral" versionScope="nonSxS">
			<SetupUILanguage>
				<UILanguage>en-US</UILanguage>
			</SetupUILanguage>
			<InputLocale>0409:00000409</InputLocale>
			<SystemLocale>en-US</SystemLocale>
			<UILanguage>en-US</UILanguage>
			<UserLocale>en-US</UserLocale>
		</component>
		<component name="Microsoft-Windows-Setup" processorArchitecture="amd64" publicKeyToken="31bf3856ad364e35" language="neutral" versionScope="nonSxS">
			<UserData>
				<ProductKey>
					<Key>VK7JG-NPHTM-C97JM-9MPGT-3V66T</Key>
					<WillShowUI>OnError</WillShowUI>
				</ProductKey>
				<AcceptEula>true</AcceptEula>
			</UserData>
			<UseConfigurationSet>false</UseConfigurationSet>
			<RunSynchronous>
				<RunSynchronousCommand wcm:action="add">
					<Order>1</Order>
					<Path>reg.exe add "HKLM\SYSTEM\Setup\LabConfig" /v BypassTPMCheck /t REG_DWORD /d 1 /f</Path>
				</RunSynchronousCommand>
				<RunSynchronousCommand wcm:action="add">
					<Order>2</Order>
					<Path>reg.exe add "HKLM\SYSTEM\Setup\LabConfig" /v BypassSecureBootCheck /t REG_DWORD /d 1 /f</Path>
				</RunSynchronousCommand>
				<RunSynchronousCommand wcm:action="add">
					<Order>3</Order>
					<Path>reg.exe add "HKLM\SYSTEM\Setup\LabConfig" /v BypassRAMCheck /t REG_DWORD /d 1 /f</Path>
				</RunSynchronousCommand>
			</RunSynchronous>
		</component>
	</settings>
	<settings pass="generalize"></settings>
	<settings pass="specialize">
		<component name="Microsoft-Windows-Deployment" processorArchitecture="amd64" publicKeyToken="31bf3856ad364e35" language="neutral" versionScope="nonSxS">
			<RunSynchronous>
				<RunSynchronousCommand wcm:action="add">
					<Order>1</Order>
					<Path>powershell.exe -WindowStyle Hidden -NoProfile -Command "$xml = [xml]::new(); $xml.Load('C:\Windows\Panther\unattend.xml'); $sb = [scriptblock]::Create( $xml.unattend.Extensions.ExtractScript ); Invoke-Command -ScriptBlock $sb -ArgumentList $xml;"</Path>
				</RunSynchronousCommand>
				<RunSynchronousCommand wcm:action="add">
					<Order>2</Order>
					<Path>powershell.exe -WindowStyle Hidden -NoProfile -Command "Get-Content -LiteralPath 'C:\Windows\Setup\Scripts\Specialize.ps1' -Raw | Invoke-Expression;"</Path>
				</RunSynchronousCommand>
				<RunSynchronousCommand wcm:action="add">
					<Order>3</Order>
					<Path>reg.exe load "HKU\DefaultUser" "C:\Users\Default\NTUSER.DAT"</Path>
				</RunSynchronousCommand>
				<RunSynchronousCommand wcm:action="add">
					<Order>4</Order>
					<Path>powershell.exe -WindowStyle Hidden -NoProfile -Command "Get-Content -LiteralPath 'C:\Windows\Setup\Scripts\DefaultUser.ps1' -Raw | Invoke-Expression;"</Path>
				</RunSynchronousCommand>
				<RunSynchronousCommand wcm:action="add">
					<Order>5</Order>
					<Path>reg.exe unload "HKU\DefaultUser"</Path>
				</RunSynchronousCommand>
			</RunSynchronous>
		</component>
	</settings>
	<settings pass="auditSystem"></settings>
	<settings pass="auditUser"></settings>
	<settings pass="oobeSystem">
		<component name="Microsoft-Windows-International-Core" processorArchitecture="amd64" publicKeyToken="31bf3856ad364e35" language="neutral" versionScope="nonSxS">
			<InputLocale>0409:00000409</InputLocale>
			<SystemLocale>en-US</SystemLocale>
			<UILanguage>en-US</UILanguage>
			<UserLocale>en-US</UserLocale>
		</component>
		<component name="Microsoft-Windows-Shell-Setup" processorArchitecture="amd64" publicKeyToken="31bf3856ad364e35" language="neutral" versionScope="nonSxS">
			<UserAccounts>
				<LocalAccounts>
					<LocalAccount wcm:action="add">
						<Name>Admin</Name>
						<DisplayName></DisplayName>
						<Group>Administrators</Group>
						<Password>
							<Value>MQAyADMANABQAGEAcwBzAHcAbwByAGQA</Value>
							<PlainText>false</PlainText>
						</Password>
					</LocalAccount>
				</LocalAccounts>
			</UserAccounts>
			<AutoLogon>
				<Username>Admin</Username>
				<Enabled>true</Enabled>
				<LogonCount>1</LogonCount>
				<Password>
					<Value>MQAyADMANABQAGEAcwBzAHcAbwByAGQA</Value>
					<PlainText>false</PlainText>
				</Password>
			</AutoLogon>
			<OOBE>
				<ProtectYourPC>3</ProtectYourPC>
				<HideEULAPage>true</HideEULAPage>
				<HideWirelessSetupInOOBE>true</HideWirelessSetupInOOBE>
				<HideOnlineAccountScreens>false</HideOnlineAccountScreens>
			</OOBE>
			<FirstLogonCommands>
				<SynchronousCommand wcm:action="add">
					<Order>1</Order>
					<CommandLine>powershell.exe -WindowStyle Hidden -NoProfile -Command "Get-Content -LiteralPath 'C:\Windows\Setup\Scripts\FirstLogon.ps1' -Raw | Invoke-Expression;"</CommandLine>
				</SynchronousCommand>
			</FirstLogonCommands>
		</component>
	</settings>
	<Extensions xmlns="https://schneegans.de/windows/unattend-generator/">
		<ExtractScript>
param(
    [xml] $Document
);

foreach( $file in $Document.unattend.Extensions.File ) {
    $path = [System.Environment]::ExpandEnvironmentVariables( $file.GetAttribute( 'path' ) );
    mkdir -Path( $path | Split-Path -Parent ) -ErrorAction 'SilentlyContinue';
    $encoding = switch( [System.IO.Path]::GetExtension( $path ) ) {
        { $_ -in '.ps1', '.xml' } { [System.Text.Encoding]::UTF8; }
        { $_ -in '.reg', '.vbs', '.js' } { [System.Text.UnicodeEncoding]::new( $false, $true ); }
        default { [System.Text.Encoding]::Default; }
    };
    $bytes = $encoding.GetPreamble() + $encoding.GetBytes( $file.InnerText.Trim() );
    [System.IO.File]::WriteAllBytes( $path, $bytes );
}
		</ExtractScript>
		<File path="C:\Windows\Setup\Scripts\Specialize.ps1">
$scripts = @(
	{
		reg.exe add "HKLM\SYSTEM\Setup\MoSetup" /v AllowUpgradesWithUnsupportedTPMOrCPU /t REG_DWORD /d 1 /f;
	};
	{
		reg.exe add "HKLM\SOFTWARE\Microsoft\Windows\CurrentVersion\OOBE" /v BypassNRO /t REG_DWORD /d 1 /f;
	};
	{
		net.exe accounts /maxpwage:UNLIMITED;
	};
	{
		auditpol.exe /set /subcategory:"{0CCE922B-69AE-11D9-BED3-505054503030}" /success:enable /failure:enable;
	};
	{
		reg.exe add "HKLM\SOFTWARE\Microsoft\Windows\CurrentVersion\Policies\System\Audit" /v ProcessCreationIncludeCmdLine_Enabled /t REG_DWORD /d 1 /f;
	};
	{
		reg.exe add "HKLM\SOFTWARE\Policies\Microsoft\Dsh" /v AllowNewsAndInterests /t REG_DWORD /d 0 /f;
	};
	{
		reg.exe add "HKLM\SYSTEM\CurrentControlSet\Control\BitLocker" /v "PreventDeviceEncryption" /t REG_DWORD /d 1 /f;
	};
	{
		reg.exe add "HKLM\Software\Policies\Microsoft\Edge" /v HideFirstRunExperience /t REG_DWORD /d 1 /f;
	};
	{
		reg.exe add "HKLM\Software\Policies\Microsoft\Edge\Recommended" /v BackgroundModeEnabled /t REG_DWORD /d 0 /f;
		reg.exe add "HKLM\Software\Policies\Microsoft\Edge\Recommended" /v StartupBoostEnabled /t REG_DWORD /d 0 /f;
	};
);

&amp; {
  [float] $complete = 0;
  [float] $increment = 100 / $scripts.Count;
  foreach( $script in $scripts ) {
    Write-Progress -Activity 'Running scripts to customize your Windows installation. Do not close this window.' -PercentComplete $complete;
    '*** Will now execute command &#xAB;{0}&#xBB;.' -f $(
      $str = $script.ToString().Trim() -replace '\s+', ' ';
      $max = 100;
      if( $str.Length -le $max ) {
        $str;
      } else {
        $str.Substring( 0, $max - 1 ) + '&#x2026;';
      }
    );
    $start = [datetime]::Now;
    &amp; $script;
    '*** Finished executing command after {0:0} ms.' -f [datetime]::Now.Subtract( $start ).TotalMilliseconds;
    "`r`n" * 3;
    $complete += $increment;
  }
} *&gt;&amp;1 &gt;&gt; "C:\Windows\Setup\Scripts\Specialize.log";
		</File>
		<File path="C:\Windows\Setup\Scripts\DefaultUser.ps1">
$scripts = @(
	{
		reg.exe add "HKU\DefaultUser\Software\Microsoft\Windows\CurrentVersion\Explorer\Advanced" /v "HideFileExt" /t REG_DWORD /d 0 /f;
	};
);

&amp; {
  [float] $complete = 0;
  [float] $increment = 100 / $scripts.Count;
  foreach( $script in $scripts ) {
    Write-Progress -Activity 'Running scripts to modify the default user&#x2019;&#x2019;s registry hive. Do not close this window.' -PercentComplete $complete;
    '*** Will now execute command &#xAB;{0}&#xBB;.' -f $(
      $str = $script.ToString().Trim() -replace '\s+', ' ';
      $max = 100;
      if( $str.Length -le $max ) {
        $str;
      } else {
        $str.Substring( 0, $max - 1 ) + '&#x2026;';
      }
    );
    $start = [datetime]::Now;
    &amp; $script;
    '*** Finished executing command after {0:0} ms.' -f [datetime]::Now.Subtract( $start ).TotalMilliseconds;
    "`r`n" * 3;
    $complete += $increment;
  }
} *&gt;&amp;1 &gt;&gt; "C:\Windows\Setup\Scripts\DefaultUser.log";
		</File>
		<File path="C:\Windows\Setup\Scripts\FirstLogon.ps1">
$scripts = @(
	{
		Set-ItemProperty -LiteralPath 'Registry::HKLM\SOFTWARE\Microsoft\Windows NT\CurrentVersion\Winlogon' -Name 'AutoLogonCount' -Type 'DWord' -Force -Value 0;
	};
	{
		cmd.exe /c "rmdir C:\Windows.old";
	};
);

&amp; {
  [float] $complete = 0;
  [float] $increment = 100 / $scripts.Count;
  foreach( $script in $scripts ) {
    Write-Progress -Activity 'Running scripts to finalize your Windows installation. Do not close this window.' -PercentComplete $complete;
    '*** Will now execute command &#xAB;{0}&#xBB;.' -f $(
      $str = $script.ToString().Trim() -replace '\s+', ' ';
      $max = 100;
      if( $str.Length -le $max ) {
        $str;
      } else {
        $str.Substring( 0, $max - 1 ) + '&#x2026;';
      }
    );
    $start = [datetime]::Now;
    &amp; $script;
    '*** Finished executing command after {0:0} ms.' -f [datetime]::Now.Subtract( $start ).TotalMilliseconds;
    "`r`n" * 3;
    $complete += $increment;
  }
} *&gt;&amp;1 &gt;&gt; "C:\Windows\Setup\Scripts\FirstLogon.log";
		</File>
	</Extensions>
</unattend>